User Input,Chatbot Response,Timestamp
hi,Hello,2025-03-14 00:27:17
how are ou,I am a chatbot,2025-03-14 00:27:26
whatis your age,"As an AI, I don't have personal preferences, but there are countless amazing books in various genres. Some popular ones include Harry Potter, To Kill a Mockingbird, and 1984.",2025-03-14 00:27:33
what the temperature?,My purpose is to assist you,2025-03-14 00:27:47
bye,Take care,2025-03-14 00:27:55
take care,See you later,2025-03-14 00:28:05
hi,Hi there,2025-03-14 00:45:10
hi,Nothing much,2025-03-14 00:45:28
how are,Growing a vegetable garden allows you to enjoy fresh produce and connect with nature.,2025-03-14 00:45:45
can you tell your name,My name is Chatbot.,2025-03-14 00:46:04
ok,"Gardening tips include choosing the right plants for your climate, watering properly, and using organic fertilizers.",2025-03-14 00:46:22
how are you,Growing a vegetable garden allows you to enjoy fresh produce and connect with nature.,2025-03-14 00:52:15
hi,Hey,2025-03-14 00:52:22
hi,"I'm fine, thank you",2025-03-14 00:52:28
hi,Hey,2025-03-14 01:02:02
how are you,I can answer questions and provide assistance,2025-03-14 01:02:07
what about budgets?,I can answer questions and provide assistance,2025-03-14 01:02:22
hi,"I'm fine, thank you",2025-03-14 01:05:01
hi,Nothing much,2025-03-14 12:38:40
hello,"I'm fine, thank you",2025-03-14 12:39:02
what do you know about business,I am a chatbot,2025-03-14 12:39:24
What' s the time,"I'm sorry, but I don't have access to real-time information like the current time.",2025-03-14 12:39:50
tell me a joke,Why donâ€™t scientists trust atoms? Because they make up everything!,2025-03-14 12:40:11
tell me a joke,Did you hear about the mathematician whoâ€™s afraid of negative numbers? Heâ€™ll stop at nothing to avoid them!,2025-03-14 12:40:19
what is helicopter,I am a chatbot,2025-03-14 12:41:13
bye,See you later,2025-03-14 12:41:37
bye,Goodbye,2025-03-14 12:43:42
bye,Take care,2025-03-14 12:43:51
bye,See you later,2025-03-14 12:43:54
bye,Goodbye,2025-03-14 12:43:56
tell me a joke,Did you hear about the mathematician whoâ€™s afraid of negative numbers? Heâ€™ll stop at nothing to avoid them!,2025-03-14 12:45:38
ok,"Gardening tips include choosing the right plants for your climate, watering properly, and using organic fertilizers.",2025-03-14 12:45:42
ok,"Gardening tips include choosing the right plants for your climate, watering properly, and using organic fertilizers.",2025-03-14 12:45:54
hi,Nothing much,2025-03-14 12:49:23
hi,Hi there,2025-03-14 12:50:48
hi,Hello,2025-03-14 12:50:49
hi,Nothing much,2025-03-14 12:50:49
hi,Hi there,2025-03-14 12:50:50
hi,Hello,2025-03-14 12:50:51
hi,"I'm fine, thank you",2025-03-14 12:50:52
hi,Hello,2025-03-14 12:50:53
hi,Hello,2025-03-14 12:50:54
hi,"I'm fine, thank you",2025-03-14 12:50:55
hi,Hi there,2025-03-14 12:50:56
hi,Hi there,2025-03-14 12:50:56
hi,Hey,2025-03-14 12:50:57
hi,Hi there,2025-03-14 12:50:58
hi,Hey,2025-03-14 12:50:59
hi,Nothing much,2025-03-14 12:51:00
hi,Hey,2025-03-14 12:51:01
hi,Nothing much,2025-03-14 12:51:02
hi,Hey,2025-03-14 12:51:03
hi,Nothing much,2025-03-14 12:51:04
hi,Hello,2025-03-14 12:51:05
hi,Hey,2025-03-14 12:51:05
hi,Hey,2025-03-14 12:51:06
hi,"I'm fine, thank you",2025-03-14 12:51:07
hi,"I'm fine, thank you",2025-03-14 12:51:08
hi,Hello,2025-03-14 12:51:09
hi,Hello,2025-03-14 12:51:10
hi,"I'm fine, thank you",2025-03-14 12:51:11
hi,Hello,2025-03-14 12:51:12
hi,Hey,2025-03-14 12:51:13
hi,"I'm fine, thank you",2025-03-14 12:51:14
hi,"I'm fine, thank you",2025-03-14 12:51:14
hi,Hi there,2025-03-14 12:51:15
hi,Nothing much,2025-03-14 12:51:16
hi,Hi there,2025-03-14 12:51:17
hi,Hello,2025-03-14 12:51:18
hi,Nothing much,2025-03-14 12:51:19
hi,Hi there,2025-03-14 12:51:19
hi,"I'm fine, thank you",2025-03-14 12:51:20
hi,Hey,2025-03-14 12:51:21
hi,"I'm fine, thank you",2025-03-14 12:51:22
hi,Hey,2025-03-14 12:51:23
hi,Nothing much,2025-03-14 12:51:23
hi,Hi there,2025-03-14 12:51:24
hi,Hi there,2025-03-14 12:51:25
hi,Hey,2025-03-14 12:51:26
hi,Hi there,2025-03-14 12:51:27
hi,Hello,2025-03-14 12:51:27
hi,Hi there,2025-03-14 12:51:28
hi,Nothing much,2025-03-14 12:51:29
hi,"I'm fine, thank you",2025-03-14 12:51:30
hi,Hello,2025-03-14 12:51:31
hi,Hello,2025-03-14 12:51:31
hi,Nothing much,2025-03-14 12:51:32
hi,Hey,2025-03-14 12:51:33
hi,Nothing much,2025-03-14 12:51:34
hi,Hello,2025-03-14 12:51:35
hi,Hey,2025-03-14 12:51:35
hi,"I'm fine, thank you",2025-03-14 12:51:36
hi,Nothing much,2025-03-14 12:51:37
hi,"I'm fine, thank you",2025-03-14 12:51:38
hi,"I'm fine, thank you",2025-03-14 12:51:39
hi,Hey,2025-03-14 12:51:39
hi,Hello,2025-03-14 12:51:40
hi,Hello,2025-03-14 12:51:41
hi,Hi there,2025-03-14 12:51:42
hi,"I'm fine, thank you",2025-03-14 12:51:43
hi,Hey,2025-03-14 12:51:44
hi,Hello,2025-03-14 12:51:45
hi,"I'm fine, thank you",2025-03-14 12:51:45
hi,Hey,2025-03-14 12:51:46
hi,Hey,2025-03-14 12:51:47
hi,Hi there,2025-03-14 12:51:48
hi,Hello,2025-03-14 12:51:49
hi,Nothing much,2025-03-14 12:51:49
hi,Hello,2025-03-14 12:51:50
hi,Hello,2025-03-14 12:51:51
hi,"I'm fine, thank you",2025-03-14 12:51:52
hi,Hello,2025-03-14 12:51:53
hi,Hey,2025-03-14 12:51:53
hi,Hello,2025-03-14 12:51:54
hi,Hello,2025-03-14 12:51:55
hi,Nothing much,2025-03-14 12:51:56
hi,Hello,2025-03-14 12:51:57
hi,Nothing much,2025-03-14 12:51:57
hi,Hello,2025-03-14 12:51:58
hi,Nothing much,2025-03-14 12:51:59
hi,"I'm fine, thank you",2025-03-14 12:52:00
hi,Hello,2025-03-14 12:52:01
hi,Hi there,2025-03-14 12:52:01
hi,"I'm fine, thank you",2025-03-14 12:52:02
hi,Hello,2025-03-14 12:52:03
hi,"I'm fine, thank you",2025-03-14 12:52:04
hi,Hi there,2025-03-14 12:52:05
hi,Hello,2025-03-14 12:52:05
hi,Hey,2025-03-14 12:52:06
hi,Hello,2025-03-14 12:52:07
hi,Hello,2025-03-14 12:52:08
hi,Hello,2025-03-14 12:52:09
hi,Hi there,2025-03-14 12:52:09
hi,"I'm fine, thank you",2025-03-14 12:52:10
hi,Nothing much,2025-03-14 12:52:11
hi,Hey,2025-03-14 12:52:12
hi,Hi there,2025-03-14 12:52:13
hi,Hello,2025-03-14 12:52:14
hi,Hi there,2025-03-14 12:52:14
hi,Hi there,2025-03-14 12:52:15
hi,Nothing much,2025-03-14 12:52:16
hi,Hi there,2025-03-14 12:52:17
hi,"I'm fine, thank you",2025-03-14 12:52:18
hi,Hey,2025-03-14 12:52:19
hi,Hi there,2025-03-14 12:52:20
hi,"I'm fine, thank you",2025-03-14 12:52:21
hi,Hi there,2025-03-14 12:52:22
hi,"I'm fine, thank you",2025-03-14 12:52:23
hi,"I'm fine, thank you",2025-03-14 12:52:24
hi,Hello,2025-03-14 12:52:25
hi,Hi there,2025-03-14 12:52:26
hi,Hello,2025-03-14 12:52:27
hi,"I'm fine, thank you",2025-03-14 12:52:28
hi,Hi there,2025-03-14 12:52:29
hi,Hello,2025-03-14 12:52:30
hi,"I'm fine, thank you",2025-03-14 12:52:30
hi,Hey,2025-03-14 12:52:31
hi,Hello,2025-03-14 12:52:32
hi,"I'm fine, thank you",2025-03-14 12:52:32
hi,Nothing much,2025-03-14 12:52:33
hi,Hi there,2025-03-14 12:52:34
hi,Nothing much,2025-03-14 12:52:34
hi,Nothing much,2025-03-14 12:52:35
hi,Hey,2025-03-14 12:52:36
hi,Nothing much,2025-03-14 12:52:37
hi,Hi there,2025-03-14 12:52:38
hi,Hey,2025-03-14 12:54:08
hi,Hi there,2025-03-14 12:54:08
hi,Hello,2025-03-14 12:54:09
hi,"I'm fine, thank you",2025-03-14 12:54:10
hi,Nothing much,2025-03-14 12:54:11
hi,Hello,2025-03-14 12:54:11
hi,Nothing much,2025-03-14 12:54:12
hi,Hello,2025-03-14 12:54:13
hi,Hey,2025-03-14 12:54:14
hi,Hello,2025-03-14 12:54:15
hi,Hi there,2025-03-14 12:54:15
hi,"I'm fine, thank you",2025-03-14 12:54:16
hi,Hey,2025-03-14 12:54:17
hi,Hello,2025-03-14 12:54:17
hi,Hey,2025-03-14 12:54:18
hi,Hi there,2025-03-14 12:54:19
hi,Hey,2025-03-14 12:54:19
hi,Hello,2025-03-14 12:54:20
hi,Hello,2025-03-14 12:54:21
hi,Nothing much,2025-03-14 12:54:22
hi,Hello,2025-03-14 12:54:23
hi,Hello,2025-03-14 12:54:23
hi,Hello,2025-03-14 12:54:24
hi,Nothing much,2025-03-14 12:54:25
hi,Hello,2025-03-14 12:54:26
hi,Hey,2025-03-14 12:54:27
hi,"I'm fine, thank you",2025-03-14 12:54:27
hi,Nothing much,2025-03-14 12:54:37
hi,Hey,2025-03-14 12:54:37
hi,"I'm fine, thank you",2025-03-14 12:54:38
hi,Hi there,2025-03-14 12:54:39
hi,Hi there,2025-03-14 12:54:40
hi,Hello,2025-03-14 12:54:41
hi,Nothing much,2025-03-14 12:54:41
hi,Hey,2025-03-14 12:54:43
hi,Hello,2025-03-14 12:54:43
hi,"I'm fine, thank you",2025-03-14 12:54:44
hi,Hello,2025-03-14 12:57:18
how are you?,I can answer questions and provide assistance,2025-03-14 12:57:30
hi,Hey,2025-03-14 13:03:05
hello,Hello,2025-03-14 13:03:28
bye,Thank you for chatting with me. Have a great day!,2025-03-14 13:07:17
how are you?,I can answer questions and provide assistance,2025-03-14 13:07:27
ok,Growing a vegetable garden allows you to enjoy fresh produce and connect with nature.,2025-03-14 13:07:31
hi,Hey,2025-03-14 13:11:50
ok bye,See you later,2025-03-14 13:11:58
hi,"I'm fine, thank you",2025-03-14 13:14:16
hello,Hi there,2025-03-14 13:14:20
hi,Hey,2025-03-14 13:19:16
hi,"I'm fine, thank you",2025-03-14 13:19:56
hi,Hi there,2025-03-14 13:19:57
hi,Nothing much,2025-03-14 13:19:58
hi,Hi there,2025-03-14 13:19:59
hi,Hi there,2025-03-14 13:19:59
hi,Nothing much,2025-03-14 13:20:00
hi,"I'm fine, thank you",2025-03-14 13:20:01
hi,"I'm fine, thank you",2025-03-14 13:20:02
hi,Hello,2025-03-14 13:20:03
hi,Hey,2025-03-14 13:20:04
hi,Hi there,2025-03-14 13:20:05
hi,Hey,2025-03-14 13:20:06
hi,Hey,2025-03-14 13:20:07
hi,Nothing much,2025-03-14 13:20:08
hi,Hi there,2025-03-14 13:20:09
hi,Nothing much,2025-03-14 13:20:10
hi,Hey,2025-03-14 13:20:11
hi,"I'm fine, thank you",2025-03-14 13:20:13
hi,Hello,2025-03-14 13:20:13
hi,Hey,2025-03-14 13:20:14
hi,Hello,2025-03-14 13:20:15
hi,Nothing much,2025-03-14 13:20:16
hi,Hey,2025-03-14 13:20:17
hi,"I'm fine, thank you",2025-03-14 13:20:18
hi,Hello,2025-03-14 13:20:19
hi,Hello,2025-03-14 13:20:21
hi,Nothing much,2025-03-14 13:20:22
hi,Nothing much,2025-03-14 13:20:23
hi,Hello,2025-03-14 13:23:20
ok bye,See you later,2025-03-14 13:23:50
ok bye,Take care,2025-03-14 13:23:54
ok bye,Take care,2025-03-14 13:23:59
bye,Thank you for chatting with me. Have a great day!,2025-03-14 13:24:02
hi,"I'm fine, thank you",2025-03-14 13:37:33
ok be,"Gardening tips include choosing the right plants for your climate, watering properly, and using organic fertilizers.",2025-03-14 13:37:41
ok bye,See you later,2025-03-14 13:37:44
hi,Hi there,2025-03-14 13:46:29
hi,Nothing much,2025-03-14 14:05:33
how are you,My purpose is to assist you,2025-03-14 14:05:38
hi,Hi there,2025-03-14 14:20:45
ok bye,See you later,2025-03-14 14:20:48
see you soon,See you later,2025-03-14 14:20:53
what'sthe time,I am a chatbot,2025-03-14 14:21:03
what's the time,You can check the time on your device or use a clock.,2025-03-14 14:21:11
bye,Thank you for chatting! ðŸ˜Š,2025-03-14 14:21:28
